chrom,start,end,Crisis-A-11_S11_L001,Crisis-B-14_S14_L001,Crisis-C-17_S17_L001,Pre-A-2_S2_L001,Pre-B-5_S5_L001,Pre-C-8_S8_L001,reg-tel_distance,repeats,fragile_sites,genes,gene_lengths,gene-telomere_distances,gene_positions
chr1,146369,147028,874.890638670166,0.0,0.0,185.356811862835,332.005312084993,304.878048780487,143369,,FRA1A,SEPTIN14P22,2583,141134,chr1:144134-146717
chr1,146369,147028,874.890638670166,0.0,0.0,185.356811862835,332.005312084993,304.878048780487,143369,,FRA1A,SEPTIN14P13,377,143340,chr1:146340-146717
chr16,33992211,33992264,874.890638670166,0.0,0.0,0.0,0.0,0.0,33989611,ct_16_22,,,,,
chr5,14889,14954,2492.24634470536,842.578289566072,358.487184083169,878.763222131814,1619.02118604866,1447.67419711227,12489,,,,,,
chr9,150503375,150504327,0.0,896.860986547085,0.0,185.356811862835,996.01593625498,0.0,110073,,,FAM157B,56610,79421,chr9:150478369-150534979
chr9,150503375,150504327,0.0,896.860986547085,0.0,185.356811862835,996.01593625498,0.0,110073,,,LOC124902321,3560,110553,chr9:150500287-150503847
