chrom,start,end,Crisis-A-11_S11_L001,Crisis-B-14_S14_L001,Crisis-C-17_S17_L001,Pre-A-2_S2_L001,Pre-B-5_S5_L001,Pre-C-8_S8_L001,reg-tel_distance,repeats,fragile_sites,genes,gene_lengths,gene-telomere_distances,gene_positions
chr16,34056215,34056825,874.890638670166,0.0,0.0,0.0,0.0,0.0,34053615,ct_16_22,,,,,
chr19,39309638,39309953,55.3832521045635,0.0,0.0,0.0,0.0,1485.77088650996,22394247,,FRA19A,,,,
chrY,24687712,24687804,0.0,896.860986547085,0.0,0.0,0.0,0.0,37765996,,,GOLGA6L14P,2925,37765764,chrY:24685111-24688036
