seqnames,start,end,width,strand,score,scoreY,scoreO,reg-tel_distance,repeats,fragile_sites,genes,gene_lengths,gene-telomere_distances,gene_positions
chr1,863800,871599,7800,*,0.175034978284093,0.181851986412492,0.168217970155693,860800,,FRA1A,TMEM88B,6815,854800,chr1:857800-864615
chr1,863800,871599,7800,*,0.175034978284093,0.181851986412492,0.168217970155693,860800,,FRA1A,LINC01770,4416,861517,chr1:864517-868933
chr1,863800,871599,7800,*,0.175034978284093,0.181851986412492,0.168217970155693,860800,,FRA1A,LOC107985729,2316,864593,chr1:867593-869909
chr1,863800,871599,7800,*,0.175034978284093,0.181851986412492,0.168217970155693,860800,,FRA1A,VWA1,7192,867050,chr1:870050-877242
chr6,129270600,129273399,2800,*,0.1567294822402,0.120799306264576,0.192659658215824,42850201,,,PTPRK,555977,42409862,chr6:129157761-129713738
chr6,129270600,129273399,2800,*,0.1567294822402,0.120799306264576,0.192659658215824,42850201,,,PTPRK-AS1,58431,42844186,chr6:129220983-129279414
chr9,108482200,108487399,5200,*,0.141193207831498,0.11794689390898,0.164439521754016,42127001,,,HSD17B3,76115,42131629,chr9:108406656-108482771
chr9,108482200,108487399,5200,*,0.141193207831498,0.11794689390898,0.164439521754016,42127001,,,SLC35D2,70279,42058968,chr9:108485153-108555432
